en,dw,occ
-32.12515381748144,0.06272187690804248,1.5952403201289164e-49
-24.40844013731862,4.185885206457323,-1.1803702366607205e-46
-24.335662212143628,4.1564992355003385,-3.375305188325322e-42
-24.327954486819955,4.1518344821067075,-4.2208675712789386e-48
-24.29414184903777,4.137182474202235,2.324707518296715e-47
-24.269224677611234,4.1269819056546275,5.953441691759798e-47
-24.238529625998773,4.113928809487524,6.150386156129546e-41
-24.224796420825815,4.107281647055423,-1.3157861105270297e-49
-24.203295832445583,4.097456423022955,9.542513958583287e-46
-24.20007792831897,4.096613201194647,3.7690716458289893e-41
-24.1458718838048,4.071173447764503,-1.551054372262294e-47
-24.13882086871697,4.066453688696828,-6.503600917579407e-41
-20.406103692801178,6.1834047428584125,-1.508564196363938e-40
-20.315695227626534,6.145389316380023,1.4663740328216898e-20
-20.2893184972575,6.133292601583461,7.2779526258572485e-37
-20.24099141139446,6.112040994558475,-4.987226537460369e-19
-20.232167075357605,6.108159053369091,7.359445990758494e-35
-20.189512383107346,6.089767540196405,-1.6147359916215288e-33
-20.183304352754025,6.0875223897348665,3.3221385714828535e-19
-20.158151922985606,6.080909701485186,-1.747941119234064e-19
-20.15641844835996,6.078189643896347,2.7397427757318213e-32
-20.12896044346225,6.067763848125503,1.8281475623650515e-19
-20.12844946499349,6.066987084441536,3.7367078960950794e-32
-20.080390996638496,6.043171153080583,1.8810209808826108e-19
-20.06493677341187,6.036013092048741,1.2667237435996096e-30
-20.06351511104152,6.032811567666165,-6.755472814472168e-26
-20.06306389489717,6.036891606771736,1.0003845215043341e-29
-20.051788259546203,6.026930510306182,-5.500086057845843e-31
-20.047765185073764,6.030172638213708,3.105381484384664e-32
-20.034847628144703,6.01933056519184,1.4034852624221405e-33
-20.000000000000004,6.000000000000005,1.7660287659974354e-18
-17.30721223953525,8.039624850228682,-1.7871931137249795e-18
-17.289496845058054,8.027771358325952,2.5221212573505434e-18
-17.231412843250194,8.03505142209527,8.719101240415631e-19
-17.206239359666707,8.02653876050141,1.2081968172401284e-18
-17.204667617221734,7.991409550127411,-6.198761356712302e-24
-17.193363586753275,8.025048577162451,9.736559284190045e-19
-17.145767936435934,8.01600398653184,-6.639714316065605e-19
-17.10661689126442,8.004395703017725,-3.1856041741224594e-19
-17.09000410258948,8.007577863468969,-2.5712885767243475e-19
-17.07921420366627,7.999034663785779,1.0505289675643905e-19
-17.052211472343917,7.980070290850812,-5.124181062659587e-19
-17.010568301367094,8.0022966550901,5.898097969876106e-18
-17.004961442555523,7.9618803315441795,1.1121342664447977e-18
-16.999014473759058,7.990624509209468,1.6134598982358368e-18
-16.974251815757693,7.9893765458811075,1.5110553193801626e-18
-16.954335656000918,8.038676282393768,2.357434327751597e-18
-16.93974654938183,8.016899731205752,-3.018894632903509e-18
-16.927124045644316,8.025521869609332,-1.9758792700022186e-18
-16.918822890652503,7.998103966817063,5.721398885481494e-19
-16.91699150712233,8.019721157995146,-1.8619293854604945e-18
-16.915627352675507,7.99754265586482,-4.766578354910122e-18
-16.911674155092182,8.017387464704115,-3.2417243893737422e-18
-16.890950568959454,8.011849278014683,2.374535080656966e-20
-16.86617225386497,8.028002456617205,-6.113956680451824e-19
-16.862360454070533,8.024282395086141,7.539343549790223e-19
-16.858568238693746,7.993215817149501,2.6505540770941896e-18
-16.853429730626328,7.958325830328899,1.0989036007596823e-18
-16.807482414432,7.948852323483204,2.0357240304636046e-18
-16.789417145609637,7.986574124827725,5.259398276680756e-19
-16.763611710858434,8.025149333315504,3.575963610659912e-19
-16.74238615008188,8.01606618715191,1.646233924543177e-17
-16.737400078606587,7.975266003624449,-1.2287198660236608e-18
-16.732580770006617,8.013837329390235,1.2076066320261627e-18
-16.71596381346334,8.002457069641649,3.1180516756455106e-19
-16.697614420760043,7.996177968875196,2.5380647581054066e-18
-16.675814617680683,7.986792765030913,-2.1466435832473968e-18
-16.6744382449867,7.982285196861924,-3.6509463355226083e-19
-16.644515105896375,8.036671478845332,-1.2402296929052327e-17
-16.629173837615262,7.961030927441361,1.2119290432118164e-17
-16.6024807358024,8.046594555959581,4.357143970871707e-18
-16.585152003499456,8.011511658842213,-4.013553440719547e-17
-16.564886942457072,8.029799940517933,1.2871031673867428e-15
-16.54757686598877,8.02282012598258,2.155204175705874e-16
-16.546720107214238,7.986997001702174,1.6088215120303957e-17
-16.54556233502137,8.021859683795842,-1.6770807782859554e-19
-16.53900460101114,7.9874498609591535,6.3471699620827046e-18
-16.537008129584734,8.017180948929408,-1.2061551992766433e-16
-16.53203162802675,8.045819517275419,9.471513108388092e-16
-16.526093455024128,8.012540406603403,1.2595964384142855e-17
-16.52226672719141,8.012674235296949,1.893393537918835e-16
-16.520654586343532,8.039974064167433,-1.155598509225153e-15
-16.51230168503345,8.035394481349144,8.34242402331065e-16
-16.50961641913312,8.004856728320444,-1.3271603999930838e-17
-16.499999999999996,8.0,-1.0519161711239167e-17
-16.498833235536683,8.000651011237437,3.0970393860511405e-18
-16.489729486480808,7.99859628055491,-4.5839546850008294e-18
-16.489071737065284,7.995937868069256,-5.428291037078175e-16
-16.45935556737796,8.036331199994876,1.1914114070376276e-15
-16.44577772387647,8.032734354402562,-2.6801693304679788e-17
-16.383555604097662,8.001669901404227,-1.215967436469757e-15
-16.382148784582547,7.999900703319179,2.2230646713221287e-18
-16.36819972122891,7.9938678612343566,-3.373726788351172e-18
-16.362802228845833,8.027810146786518,-4.852538423680528e-17
-16.35589901166882,8.021566886251984,-9.353332153817978e-17
-16.353048992122805,8.009392040834918,6.532443350304547e-18
-16.345123665594492,8.007613063337846,-6.076659282550911e-18
-16.334170502581845,8.011919276049143,-1.1896386333051176e-18
-16.296845948175342,7.993808451941226,-3.2447274729193764e-18
-16.25319700819858,8.105396546830814,5.013962583999932e-16
-16.197038831692527,8.090539155625635,-2.404404399770078e-16
-16.188607510192156,8.087026506624824,-9.873844356505345e-17
-16.186178410367773,8.08734866037525,-1.4418037521690232e-16
-16.18288319918735,8.087069190216063,-1.3233997450718662e-17
-16.181134951898756,8.084633404567333,1.074791638132097e-16
-16.180703702594464,8.084036707361959,-1.58905135242376e-16
-16.167660415421384,8.073920746734746,1.0544244668765968e-15
-16.1602650586693,8.078651775714105,5.448039158873527e-16
-16.144375121984968,8.070172557328462,3.9025580546913323e-16
-16.12641489627866,8.059511794358524,-1.909250989209374e-15
-16.124140049066348,8.057874783035604,5.311088164589695e-17
-16.124046335099326,8.061090564452131,-1.1828065561770325e-15
-16.12266461073231,8.059096835835776,1.3768877047276712e-15
-16.116013983213737,8.055310473339352,-4.3528582853035665e-17
-16.11499026976149,8.054652100503539,-4.1544087207257406e-17
-16.11243491520226,8.052321180227338,5.0826194599691964e-15
-16.111443241222894,8.052161385777994,-1.0494947283089677e-16
-16.107067457652217,8.050597660654933,2.0057892784785802e-16
-16.10697756264044,8.05109311681658,-8.982602224109779e-18
-16.091269029955182,8.044299685808987,-4.264053190677361e-15
-16.08956932747813,8.042554374346789,-7.951333944696047e-16
-16.088476894063813,8.041824258404656,2.57464195693595e-16
-16.08396034676122,8.039689985363955,1.9217755123876298e-15
-16.08258876973503,8.039148857502942,7.865109441420606e-16
-16.08093031139525,8.039071900498751,-2.9071020389311012e-15
-16.080006363875427,8.038636934997172,1.9757003084365346e-17
-16.076613507436484,8.036311636174919,5.7030378349464064e-15
-16.073932842930354,8.035848887828406,-6.396579694293608e-15
-16.070259356412972,8.033453367278186,-2.680226123790232e-16
-16.06891469813912,8.033943910234957,5.1842015257906254e-15
-16.065544517392144,8.03425950426764,-8.720357356893347e-15
-16.062770061231877,8.031601602310783,-1.847457474901756e-14
-16.06250024814636,8.031250873229164,-1.5775880438611148e-13
-16.062021023562046,8.030540614520698,-2.4044172340120815e-11
-16.062019202317988,8.030536144330672,-0.9923659639173306
-16.0616932943562,8.030520519847776,-1.8872804096806155e-13
-16.061552812808838,8.029857499854687,2.307959883743155e-13
-16.061552812808817,8.029857499854666,1.0383588836460803e-12
-16.061107078537734,8.029228441540573,-1.9512166968751682e-13
-16.060094052909694,8.029165017069827,9.371896216599091e-15
-16.05973309284516,8.028958730702163,-2.2925469808573752e-14
-16.058125458550354,8.028209286358432,4.991328395072382e-16
-16.056821479114365,8.028096159387964,4.4772022859412217e-14
-16.046509122592983,8.022686362989035,1.212951953052665e-16
-16.04346014769788,8.021657926546908,5.552532130473303e-16
-16.04158304662829,8.02064090498878,3.775340029947418e-15
-16.04062617462689,8.01998852543967,7.480725642362178e-16
-16.03905399009133,8.018701212889821,-1.210625231533519e-14
-16.038281263687054,8.018750302102085,1.4362735225142669e-15
-16.037418053573166,8.018120040756486,6.689862132221382e-15
-16.036537677840233,8.017695937079147,-8.664692224978601e-15
-16.036020051442797,8.017691500414989,-4.337042418573278e-15
-16.03507912765326,8.017087443829809,7.549597488151538e-18
-16.031982796583808,8.016695494969222,-1.2558542175098663e-14
-16.031405525096,8.016078084749934,9.911877903198866e-14
-16.03124952688069,8.015623820911971,-1.1877853997223943e-13
-16.031049191495104,8.01533024227562,-1.96530026309349e-15
-16.03087119051596,8.015495506114473,4.848769784324456e-14
-16.0300678148007,8.014763012929608,-3.1125818032023515e-15
-16.028538431385137,8.01400626954403,6.515715916468824e-16
-16.02767755789881,8.0137989467618,3.908647464049878e-15
-16.027185142474966,8.01347733492377,7.753243368065973e-15
-16.0260864898997,8.013133586361118,2.6681648371168793e-15
-16.022357592856135,8.011079971225186,-5.046104351677244e-15
-16.020199461781402,8.00975830650221,-2.5508127412186544e-15
-16.01982963602619,8.009590599565907,2.897011453867171e-15
-16.019656130775463,8.011397359993058,-9.049618209549338e-16
-16.01665568101428,8.008249079178636,-4.911696395927017e-16
-16.016398094639314,8.00824707887945,-1.0842805220560317e-15
-16.016197689952552,8.008113788505419,4.909851137802414e-15
-16.015710094771755,8.007942510006995,1.6897577309196535e-15
-16.013854333038484,8.006856229432271,3.078193214239638e-15
-16.013028488841552,8.007086968540325,1.342446077449566e-15
-16.012506160492155,8.006243504289417,-6.146159463262423e-16
-16.010330901760998,8.005191872602712,-6.984000799005927e-16
-16.010280323482444,8.005094888002269,2.8345884459613572e-15
-16.008692380849276,8.005293988461027,7.808355595578161e-16
-16.006321655485134,8.0033831524018,2.5647839272126818e-15
-16.000000000000032,8.0,-9.866783964867466e-15
-16.000000000000018,8.0,-1.926508446789069e-15
-16.000000000000014,7.99999999999999,-1.3040212239015128e-15
-16.000000000000007,7.999999999999993,-7.828431928297543e-15
-16.000000000000004,7.999999999999989,2.1735596561714614e-15
-16.000000000000004,8.00000000000002,-6.258971837233918e-15
-16.000000000000004,8.0,3.236699643537295e-15
-16.000000000000004,7.9999999999999885,7.175124798811726e-16
-15.999999999999996,8.000000000000004,-1.700786231614652e-31
-15.999999999999996,8.000000000000009,-2.9471603427352828e-15
-15.999999999999996,8.000000000000004,-8.805883735757271e-15
-15.999999999999996,8.000000000000004,1.5736961575780628e-14
-15.999999999999996,8.000000000000002,-1.6265983873973923e-14
-15.99999999999999,8.000000000000004,6.26582725311078e-16
-15.999999999999986,8.000000000000004,6.570467434605106e-15
-15.999999999999986,7.999999999999997,-6.800591533662003e-15
-15.999999999999979,8.000000000000018,7.767459567138934e-15
-15.98900537883522,7.997746309774006,1.0561952309162546e-16
-15.987428670466468,7.994052009366164,-8.229721536150684e-16
-15.986039430264363,7.994910023096022,2.0091381724393392e-16
-15.976303023057937,7.987153272768243,-6.827269630062305e-16
-15.973306414793417,7.987085899156751,1.4000836266295182e-16
-15.971235706794019,7.984703484527015,3.339634989602737e-17
-15.969817333253562,7.985921815605481,1.826249432750874e-15
-15.962079178643943,7.9834956612179795,7.896742104253924e-16
-15.943968265621535,7.976642849198396,-1.877135772313623e-15
-15.941091232028857,7.97371611270137,2.906794825616186e-16
-15.936436386982514,7.968512296529382,-2.3894142696634273e-16
-15.921797780026903,7.964531749170318,-3.3544485917936944e-16
-15.917523083178718,7.9596797664295185,-2.8929315057518263e-16
-15.909069346614782,7.960329506369032,5.792373105388916e-16
-15.903773555699829,7.958594860741201,-2.5465384002470683e-16
-15.895190625817545,7.955723164298022,1.9883995478262972e-16
-15.894931318010322,7.949990264468836,3.3100699372911193e-16
-15.88641188066099,7.949571721201544,5.532167787577175e-16
-15.878803183896913,7.9470851850673,1.2331144042995721e-17
-15.873290304510434,7.946183963870623,5.102620032105892e-17
-15.864414084567162,7.938944337254896,3.561710333791189e-17
-15.81807430542272,7.922607011776246,-1.4636141396029965e-17
-15.748054813367585,8.032071668672636,-9.208805864708074e-19
-15.738837891204803,8.022336853840098,1.307263677176917e-16
-15.71280243625176,8.007098643261731,3.684654025204083e-18
-15.695528991982457,8.013478933912758,-6.325363990445555e-18
-15.690794419550485,8.033835214245876,1.1840394890075838e-16
-15.680405143293779,8.004884311657468,-1.7994209341387e-18
-15.679203855901559,7.9942026511305,-8.5504214801942e-18
-15.671357027483786,8.02383333856909,-2.263249719612994e-16
-15.662774803614365,8.050023345635308,-1.694662971477136e-16
-15.650649252182184,8.04480482545197,1.4132493517061355e-16
-15.630385068744548,8.025696158602585,8.467880910339562e-18
-15.616998621200523,8.000112916025106,-9.33898187602518e-18
-15.614786802334695,7.999417236118761,7.387464599376041e-17
-15.609213357905318,8.053699398451409,-1.1411067185350226e-16
-15.599130046909071,7.989953135142886,-9.158526027873062e-18
-15.573789109115257,8.038298572578448,-8.2292295769173e-17
-15.551356909365374,8.02649255908433,-1.1268394080783678e-16
-15.547016065606666,8.023305187495808,-6.264760598557372e-17
-15.542331050379506,8.022405300882575,-1.9234402835373305e-16
-15.528619206454106,8.042941415643327,-6.150680382040995e-17
-15.527849016592985,8.014529245425928,-1.9137500654561072e-17
-15.52070795428778,8.010300482612692,8.808988081712786e-17
-15.518452179531245,8.01311428076431,-7.306359752427675e-19
-15.5,8.0,-3.623224144274902e-17
-15.498586958195364,8.00741382136205,-2.5515334979213042e-18
-15.490052774712684,7.993245367110392,8.608021966734186e-18
-15.47472216125319,7.98429137452556,-5.718213742562479e-18
-15.455382280765871,8.008085044375626,2.9459221705420076e-16
-15.433191580443228,7.99944424473942,4.904207347131049e-18
-15.420571504509635,7.994794667923002,4.5096041300457485e-18
-15.359754295829237,8.0348286161355,7.001584352485119e-18
-15.336976358710874,8.024794053928744,8.007800677512834e-17
-15.315723334715532,8.012054842298717,8.841972866039215e-17
-15.308803361598713,8.009612849638849,3.2439566475059324e-18
-15.279953178702861,7.993215718018519,2.6330415222822232e-18
-15.263195996361347,8.052961512688558,1.5463158100872147e-16
-15.259439013068782,7.983515588937543,1.5204151701486325e-18
-15.254077674812407,8.03394494394022,1.2788649379052784e-16
-15.243111899118126,7.99542634792541,-6.890002028726683e-16
-15.242947553139196,7.971200370580515,-5.384963813071926e-18
-15.228828908321653,8.034849472072015,-2.174875849557777e-17
-15.209558191833015,8.032474240392936,5.685404394838403e-16
-15.201012657235804,8.037986862714886,-1.2771527478081526e-16
-15.19576215227708,8.010031581432647,-9.08084304001673e-19
-15.191438869301365,8.030270835297632,9.428468002124803e-17
-15.160479895783716,8.012839030075243,-4.8041442239223586e-20
-15.153224040394331,8.014239878433296,2.6120391349194907e-16
-15.119017391099547,7.971808729091602,3.421262026346702e-19
-15.07544881955899,8.006792329500792,-2.0866839394128333e-16
-15.073401544195505,8.002329061578248,-2.2452285220772297e-16
-15.069500051418565,7.997397849802924,-2.900692709180814e-19
-15.03670608708217,7.986391599890397,2.6106480130492927e-18
-15.033238545117413,8.022331063901557,-9.475196599113302e-16
-15.019272320847612,8.011172946316915,-5.505059239939985e-18
-15.014452770102501,8.050751032539356,-1.1463777739475506e-16
-14.979478038771614,8.07209314480541,-2.7624464308305625e-16
-14.975927240270039,7.996503525178048,-3.0575714809865834e-16
-14.967533190775608,8.018206952627395,1.4827774371735619e-18
-14.96502639461626,7.987416443661357,-3.6078381813331145e-18
-14.962922124208912,8.034374429997223,-4.502975885400627e-16
-14.949076301918883,8.014311123668918,2.863029547657706e-18
-14.934371792867289,8.033090103560419,2.668923027370875e-18
-14.89568403949609,8.002703842178244,2.9565764205982056e-18
-14.887349744915955,7.990617079020906,-1.5887791886203647e-18
-14.87010715702499,8.054084544523182,3.6777989005988454e-18
-14.868574946225568,7.986075195117099,-5.071869968993405e-19
-14.866159052982212,8.054902628933588,2.350307572740793e-18
-14.75299892046047,7.992245885108341,2.8614519300792826e-21
-13.028475560084363,9.994148516410952,2.2367090606830085e-25
-12.973641881485445,9.953972636211898,6.708199625593306e-18
-12.861856509615677,9.95352660703411,-7.023724383255903e-18
-12.827753778984992,9.978282590636212,-3.6502004817430865e-19
-12.809428221448293,9.969809205550515,2.5419587649964696e-20
-12.788256637382293,9.987366877826734,-5.1969163950110384e-18
-12.767569748032034,9.977688864941518,3.262033885070433e-18
-12.700826253415137,9.992996776714616,-1.2376730897119036e-17
-12.654310078024071,9.97201939958511,-5.567493960498553e-18
-12.621354729986969,9.95771267029119,-1.1822040600920683e-17
-12.597109124216189,9.968176003043695,1.4656281662169123e-18
-12.557981675418699,10.026522748945197,8.169460103858572e-18
-12.500000000000004,10.0,2.195745095374049e-16
-12.495290374141717,9.99469242274634,2.0350400489708295e-20
-12.482489156397918,9.991479431966159,-1.7393941440793046e-16
-12.480556646186635,9.987731304553371,-1.5904869287329588e-17
-12.474349456972245,9.990213445027942,-3.63594358485721e-18
-12.473850613297301,9.989467744636423,-5.704981187959772e-17
-12.465437949128681,9.980787259034683,2.2573853568019845e-19
-12.454726890730736,9.972537819610661,1.423568666160766e-18
-12.453864666652976,9.973747300738918,4.850210677588012e-17
-12.451922076259176,9.974745384845768,2.1898203861125454e-17
-12.443618762411532,9.966961216891956,1.943494680284345e-16
-12.434282508702882,9.96571128964126,8.39895022438281e-17
-12.430316911731673,9.960731837421006,3.564744940162661e-17
-12.413628656875144,9.997965669285726,-9.30050538575172e-20
-12.408700430764917,9.951256576675444,-7.624715298922454e-17
-12.408516913204828,9.955446463243478,-8.286292349314566e-17
-12.404253600110565,9.95164084218726,-7.39465285355323e-18
-12.398068779966533,9.950754456193593,-2.6053502973265995e-17
-12.354048845993354,9.931000002453235,-3.0328432218762585e-18
-12.261049662919827,9.974692584167201,-1.5514464971881366e-17
-12.243743915146496,9.963252605659504,4.7921789438031045e-18
-12.196411502224997,9.978238559069137,-1.067639878709541e-15
-12.131450371314397,10.057993252390487,7.192190049645442e-16
-12.086927025818397,10.042038360431771,-1.27969496592672e-15
-12.06248521399143,10.031213503388539,-1.6121667182255088e-15
-12.061552812808841,10.029857499854675,5.450267510954333e-16
-12.061552812808834,10.029857499854677,4.999001709407648e-16
-12.059883851308744,10.027147586780842,4.1283885977140554e-16
-12.041630744474343,10.020858846105451,1.3554722506535652e-15
-12.038076837662725,10.018501602800798,-1.7627355552856169e-15
-12.038066063071163,10.0184612977394,1.3616851018657088e-15
-12.032465198305196,10.015681564646776,-2.4205896538726687e-15
-12.031128874149285,10.015444246572665,2.512949908364365e-15
-12.015227482521215,10.008001656793612,-5.3588932174716495e-15
-12.00157740697253,10.002317598972152,-2.645900254921926e-14
-12.001446945144924,10.002177898054995,-6.0020337019427825e-15
-12.000962452976523,10.001430678126757,4.633459304648362e-14
-12.000624224706357,10.000908089883294,1.0396259729031511e-15
-12.000000000000025,10.000000000000027,-0.0002463946253407017
-12.000000000000018,10.000000000000004,0.006430332085198751
-12.000000000000014,10.000000000000002,-0.004458053520740146
-12.000000000000014,9.999999999999998,-0.011186312052688635
-12.000000000000014,10.000000000000004,0.022328487926114124
-12.000000000000007,9.999999999999982,0.017293159479570972
-12.000000000000007,10.000000000000007,-0.012948275277037027
-12.000000000000007,10.0,-0.013230389054648654
-12.000000000000007,10.000000000000004,0.033246951289809416
-12.000000000000007,10.0,0.0038759570705667276
-12.000000000000004,9.999999999999996,-0.0020109794440126855
-12.000000000000004,9.99999999999999,-0.032054495733719636
-12.000000000000004,10.00000000000001,-0.03183405580497462
-12.000000000000004,10.000000000000007,0.03438303652737643
-12.000000000000004,10.0,-0.016646813425507494
-11.999999999999996,9.999999999999977,0.014750410238690139
-11.999999999999996,9.999999999999993,0.0045476753625719405
-11.999999999999996,9.999999999999995,0.028391515739278585
-11.999999999999996,9.999999999999995,0.008785486806215772
-11.999999999999996,10.000000000000014,0.005899070911901061
-11.999999999999996,9.999999999999993,0.0019355574617531514
-11.99999999999999,10.000000000000014,-0.055370206650056784
-11.99999999999999,10.000000000000018,0.014903176258770629
-11.99999999999999,10.000000000000005,-0.022565795828356425
-11.99999999999999,10.00000000000001,-0.003267135613607842
-11.99999999999999,10.00000000000001,0.024579103495454675
-11.999999999999986,9.99999999999999,0.004125016845043573
-11.999999999999986,10.000000000000014,0.020708473708697744
-11.999999999999986,10.000000000000004,0.02952347316596603
-11.999999999999986,10.000000000000016,0.04099522431737281
-11.999999999999979,10.000000000000004,0.025099730860150476
-11.999938449682897,9.999901346119788,1.992080408686311e-13
-11.999500324375873,9.999239162744363,3.075697692969628e-14
-11.99908221622713,9.998679858508433,7.056200786516258e-14
-11.998728398453903,9.998123350561952,-8.278412397224744e-14
-11.994832030584416,9.997446982175951,1.3590706038004921e-14
-11.98931002274215,9.99379531500382,-3.959995369858454e-15
-11.981441088120373,9.990153535483751,2.578758586256921e-15
-11.97903056514292,9.98937331289865,-4.580301345537554e-16
-11.976623110990474,9.988788672312992,4.362947162661387e-15
-11.976142395497806,9.988083101400713,2.2514824336288016e-16
-11.974162014786618,9.9864344371931,-4.208644867106775e-15
-11.970590520029887,9.987036624758066,1.9052379673227518e-15
-11.968021239715085,9.98324277866673,-1.9606977829026872e-16
-11.9665105985015,9.98094765327073,-2.1159983181306545e-16
-11.961459379445913,9.981100206537397,-4.2502156402656735e-16
-11.957655417967473,9.978162436506992,-2.0272803971238067e-16
-11.944765763219191,9.975732503570184,-2.607002250624994e-15
-11.944681652912248,9.975333116228981,1.0017061276872907e-15
-11.94104286901883,9.971622397323106,2.4052865867865557e-15
-11.939166831475934,9.971122253939942,-3.383234605120309e-16
-11.938505471492572,9.97028556509662,-7.163276450933393e-17
-11.938447187191176,9.970142500145334,3.037533941053914e-15
-11.93844718719117,9.970142500145334,-1.4711012714011317e-15
-11.938354495190143,9.97000505516992,7.301473815103794e-16
-11.938138708017224,9.969695840240874,3.1544272942944497e-16
-11.937841563265145,9.969249327552694,1.0066801150384815e-16
-11.93772556695328,9.96905438562168,1.4549083831409545e-16
-11.937715942910465,9.969123131468436,-6.478312989529487e-16
-11.937494776464899,9.968736776547704,-2.4214198954744583e-15
-11.93747177844584,9.96868168958854,1.2867640448716656e-15
-11.937359842469125,9.968576042357919,3.773363288722049e-15
-11.937179880576206,9.968277763620629,-3.807694917105681e-16
-11.937080385667837,9.96814487685078,1.0704418778595905e-16
-11.936581106075607,9.967429739976367,7.714564827816809e-16
-11.936507415620309,9.967182705370929,-1.2119460435046994e-16
-11.936098051708555,9.966686720156021,-6.250715701514932e-18
-11.929376866554193,9.960601234899087,-8.219318089091816e-16
-11.928202696875971,9.958788046443434,-1.5380604320869476e-15
-11.920635530589099,9.960467940089632,3.8498430398164685e-16
-11.916580474503071,9.96286352124021,-8.379800169580172e-16
-11.913123545330006,9.957357396470652,5.276644091132458e-16
-11.905569998411075,9.952470295117099,1.3363028785628537e-15
-11.904884977005004,9.951060466396243,-5.68459543404464e-19
-11.904744922780807,9.95774514917342,5.387981902283125e-16
-11.900652654382629,9.95166114914695,8.274282342782232e-16
-11.898212479789944,9.950861490939868,7.398752332278287e-16
-11.88834708816001,9.941229701391237,1.2942404631824887e-16
-11.882283771803326,9.9459192631081,9.563025265790232e-18
-11.879092505394219,9.943477757491284,6.721225657550013e-17
-11.878078391696064,9.94195234231882,1.5932273285007174e-16
-11.87781462938328,9.941646578931945,6.13640264818367e-17
-11.877814167706319,9.941611943330361,-2.727928826158354e-17
-11.877276822758482,9.940924230445518,-4.900188616632178e-17
-11.875524924348731,9.938666145546923,-5.305179012390636e-17
-11.874142039704502,9.936291869217934,-1.6704306937455446e-17
-11.87085868302307,9.933106554542563,-3.586342758584883e-17
-11.865091309380748,9.937066916600074,4.657340476682598e-16
-11.84729002782791,9.926939474217667,1.960729981441467e-17
-11.84564481608166,9.931874088482939,2.563886088538187e-16
-11.844871841524476,9.930260192968705,-6.285993967653048e-16
-11.842037830888863,9.919141128082828,-6.091239503346227e-17
-11.841671516101965,9.925859739506903,-8.37895315881407e-18
-11.821269278412672,9.918661818413351,1.2092209264831686e-16
-11.816128027702689,9.911427805811147,-2.0741201355604118e-16
-11.754581699111824,9.887619463795088,1.1615842260187587e-16
-11.737332470105322,9.982999691831163,-5.078460525472015e-16
-11.735430359532376,9.88484840245745,5.500284459199134e-17
-11.728820650024534,9.882505535256605,1.8664132620398028e-17
-11.651364438115714,9.987015127656335,6.235475554618563e-17
-11.648529229319575,9.980129990975826,-3.206198226928434e-16
-11.578675646929618,9.998012161453278,-4.071432864876203e-20
-11.565409657317886,10.033584440834556,-1.6251492839923928e-17
-11.50365125932468,10.003632494861966,8.466134117756747e-20
-11.5,9.999999999999996,-1.2132701872861771e-16
-11.486090495139269,9.993386826212037,-1.5010650778080248e-16
-11.47991113700937,9.98863087496989,-5.290536793826679e-17
-11.471542405866401,9.987152612088154,3.014917676936118e-19
-11.468894602722134,9.988549591135982,5.786180952803667e-18
-11.46864999939146,9.98728084298263,8.902832944173766e-17
-11.465087673592627,9.981425947480073,2.1015734102856098e-17
-11.464650468537528,9.98080302064882,1.3821311518174173e-16
-11.462583933588448,9.98592787321265,-3.4204712654317625e-17
-11.456127305618011,9.9790898457091,1.4565385680111216e-16
-11.442443621037636,9.97417951849612,-9.532634509096835e-18
-11.44239412908912,9.973220813478763,-3.355838022963423e-17
-11.426438312143933,9.967731000988262,1.282081291658564e-16
-11.409855817348223,9.957002816686167,5.792848061244744e-19
-11.406409672580644,9.95373785121718,1.2072871470400895e-18
-11.384075404802584,9.936370627452364,-6.865415370657041e-18
-11.345958635150986,9.923675246950467,-1.5669150961053929e-18
-11.303387113853443,9.98342566592352,1.5635974723007817e-18
-11.298567211192466,10.00595314529809,1.2960998487668112e-16
-11.25801069624746,9.990379802635697,-4.312769657211678e-19
-11.210991637399463,9.962374411413409,-1.5904345401826198e-20
-11.176091722922344,9.993575679049016,3.6148780667315735e-19
-11.153361225168393,9.98316396012911,-5.107566828079395e-18
-11.10462910547924,9.987804496986051,-5.155037306113236e-19
-11.08714284671985,9.979217084879945,-2.0066692075851946e-21
-11.001262924226811,9.97736678476943,5.162898860061663e-18
-10.95724709892949,9.99760859835608,6.247983369676346e-28
-10.845491870402284,9.954757387376057,-6.783648322418403e-19
-9.04808725546674,11.989368914791767,-5.4799813471796125e-28
-8.88772007406233,11.992570107817189,3.4110492159909887e-19
-8.866025403784441,12.000000000000004,2.137098647253692e-18
-8.836365578416604,11.983104265832434,5.508730767506531e-25
-8.818714210444664,11.977460367412872,-4.604949521237758e-18
-8.816632244001674,12.00334900449988,2.0026585030079957e-17
-8.809016994374947,12.0,7.994379725086357e-18
-8.809016994374947,12.00000000000001,-1.0440029343989168e-17
-8.799013240543854,11.994173883908893,-5.8789251935147535e-18
-8.784304256695933,11.986505613928555,-6.78066930338428e-18
-8.773041192100482,11.975592624590956,7.631790529777779e-30
-8.717900921953031,12.002932684719825,4.79642577921953e-18
-8.707106781186557,12.000000000000023,-7.59766621434279e-18
-8.707106781186557,12.000000000000007,2.6061994791658633e-18
-8.70710678118655,11.999999999999993,1.7996383351299478e-17
-8.707106781186546,12.000000000000007,-1.1739818783001821e-17
-8.707106781186546,12.000000000000009,1.8143912951128085e-17
-8.707106781186546,11.999999999999991,-9.917814295655093e-18
-8.688717233025187,11.988840138325141,-2.781897383846673e-18
-8.681451669168219,11.985828180375133,5.5696656731443865e-18
-8.677271810756206,11.98612715577279,-1.2762879547753537e-22
-8.669305627967592,11.976589835533595,1.1963559844277758e-17
-8.651726463887353,11.971842840312295,2.036236624594116e-19
-8.651146858816848,11.97150127679091,-8.727594353219263e-17
-8.60903932632888,11.991686426312377,-9.633054203318405e-18
-8.511895019580976,12.004065044078907,1.059927871108019e-27
-8.502557927575495,12.000066877189532,-9.599632825622286e-18
-8.5,11.999999999999995,-1.103939187360292e-17
-8.5,12.000000000000016,4.704171851847812e-19
-8.499999999999996,12.000000000000021,2.2977037189645338e-17
-8.499999999999996,11.999999999999988,1.106965356778865e-17
-8.499999999999996,12.000000000000004,-1.1745329814868742e-17
-8.49999999999999,12.00000000000001,2.367781305052104e-18
-8.49999999999999,11.99999999999998,9.305412731324093e-18
-8.48463718574575,11.992457499038375,1.8258748901963524e-18
-8.484277626388202,11.991497468812808,-2.005306147154542e-17
-8.483646090161987,11.991462215717203,5.849117488555276e-19
-8.483538941610913,11.991292376863402,-1.3174899743416344e-17
-8.48175072763393,11.989314955293983,-1.9002574272747896e-19
-8.465879955918737,11.98156782914466,-1.786270193970023e-17
-8.465209111023874,11.980453537666953,7.420731215472982e-17
-8.464877223395682,11.979893389200338,5.646015933746691e-18
-8.461344053129192,11.976793364229298,2.6670710928417806e-17
-8.4570912119975,11.978484777245207,-7.526033069144259e-17
-8.452228470838136,11.97558026524688,3.4959987295247876e-20
-8.44546066590268,11.971336411544696,1.5314255981099816e-17
-8.414740836392138,11.960965427056212,8.814787769939257e-18
-8.33039613125987,12.010035499529039,6.255521518224745e-18
-8.310354661107091,11.98949829807805,-2.5313185774546096e-22
-8.309016994374954,12.0,1.3684016861935385e-17
-8.309016994374954,12.000000000000002,2.2479741743967638e-17
-8.301262652959622,11.996514110299298,-8.21516887639131e-17
-8.285213975213221,11.987475559854936,-5.225267597832324e-18
-8.268057810184349,11.978253228496982,-1.147650725218438e-27
-8.19999841141123,11.988701556769856,-1.726077451921649e-17
-8.060340865236707,12.028093070415913,-1.2767413050740534e-17
-8.037878757654251,12.018200140105712,-3.777470118878274e-17
-8.031250000000004,12.015625000000009,-1.691218566167983e-17
-8.031128874149264,12.015444246572656,-4.340774638303806e-17
-8.030281363436512,12.014203072014006,-5.294973194451995e-17
-8.030204809539242,12.01406930320687,-1.7153488372047763e-17
-8.017468919826303,12.008655177940092,4.677308674910042e-17
-8.000000000000021,12.000000000000032,-8.037119490681364e-17
-8.000000000000014,12.00000000000001,1.806313260604544e-17
-8.000000000000014,11.99999999999999,-7.031632833741364e-17
-8.000000000000014,11.999999999999972,1.5504575276831307e-16
-8.000000000000014,11.99999999999999,-1.7744440077685612e-16
-8.000000000000014,11.999999999999979,-5.882520769066945e-17
-8.00000000000001,12.00000000000003,-1.323574826787359e-17
-8.00000000000001,11.999999999999982,1.1388066704118917e-16
-8.00000000000001,12.000000000000025,-2.4628282982072265e-16
-8.00000000000001,12.000000000000012,4.437919349302538e-17
-8.00000000000001,11.999999999999998,-1.7798393857387438e-17
-8.00000000000001,12.000000000000004,-1.0868892687691887e-17
-8.00000000000001,12.000000000000028,-5.72746042853306e-17
-8.00000000000001,11.99999999999999,3.68237484305548e-17
-8.00000000000001,12.00000000000001,1.3763690883721263e-16
-8.00000000000001,12.000000000000005,1.9106374272973706e-16
-8.00000000000001,12.000000000000012,-1.6212733333362666e-16
-8.00000000000001,12.000000000000028,-1.0364515511525778e-16
-8.00000000000001,12.000000000000021,3.519395918472619e-17
-8.00000000000001,12.000000000000036,-2.3449079941856757e-18
-8.00000000000001,12.000000000000005,-1.1735061265497e-16
-8.000000000000007,12.000000000000004,-6.44289589454828e-17
-8.000000000000004,11.999999999999996,1.2507026008914496e-16
-8.000000000000004,12.000000000000028,1.4314589895691227e-16
-8.000000000000004,12.00000000000001,-7.859165248923659e-17
-8.000000000000004,12.000000000000025,-9.223970131766585e-17
-8.000000000000004,11.999999999999993,-7.867070612569687e-17
-8.000000000000004,12.000000000000027,-1.3111883692366627e-17
-8.000000000000004,12.000000000000018,9.403667442889111e-17
-8.000000000000004,12.000000000000012,-9.618493255988342e-17
-8.000000000000004,12.000000000000032,6.734446055708631e-17
-8.000000000000004,11.999999999999984,1.6899059051352493e-16
-8.000000000000004,12.000000000000007,1.6756141055530135e-16
-8.000000000000004,12.000000000000009,-2.5322970864206547e-16
-8.000000000000004,12.000000000000014,-5.927280782592236e-17
-8.000000000000004,12.000000000000014,-4.459352322347805e-17
-8.000000000000004,11.999999999999993,-1.224675713231523e-16
-8.000000000000004,12.000000000000007,-3.639152317162282e-17
-8.000000000000002,11.999999999999996,-5.952870612227325e-17
-8.000000000000002,12.0,1.3383065323737546e-16
-7.999999999999999,11.999999999999995,6.058842234871078e-17
-7.999999999999999,11.999999999999996,4.908271519254107e-17
-7.999999999999999,12.000000000000002,-7.023585820646961e-17
-7.999999999999999,12.00000000000001,1.008699385386381e-16
-7.999999999999999,12.000000000000009,-1.755936334718789e-16
-7.999999999999999,12.000000000000004,2.1323286742848167e-17
-7.999999999999999,12.000000000000004,3.930680917320572e-17
-7.999999999999999,12.000000000000018,-7.298252062351035e-17
-7.999999999999999,12.00000000000002,-9.977002946373526e-18
-7.999999999999999,11.999999999999991,-1.0637730982739792e-16
-7.999999999999999,11.99999999999999,-2.5735336260857025e-16
-7.999999999999999,12.00000000000001,-1.3198658686156013e-16
-7.999999999999999,11.999999999999996,-8.794539074598311e-17
-7.999999999999999,11.999999999999984,9.963470621400499e-18
-7.999999999999999,12.000000000000021,4.1118949785788384e-17
-7.9999999999999964,11.999999999999996,-6.53208609182755e-17
-7.9999999999999964,11.999999999999991,-7.575175267640427e-17
-7.999999999999995,11.999999999999998,-1.0666227501455609e-16
-7.999999999999995,12.000000000000005,5.994886241131186e-17
-7.999999999999995,12.0,-2.2080341032013912e-17
-7.999999999999994,11.999999999999996,1.1630088405679548e-16
-7.999999999999994,12.000000000000004,8.438785108313241e-17
-7.999999999999994,12.000000000000025,-1.4961106206942066e-18
-7.999999999999994,11.99999999999999,-2.095770169438755e-16
-7.999999999999994,11.999999999999988,-1.5169201602423266e-16
-7.999999999999994,12.00000000000001,2.5692067536400287e-18
-7.999999999999994,11.999999999999982,1.3643936604616835e-16
-7.999999999999994,12.000000000000007,1.2047968181960599e-16
-7.999999999999994,11.999999999999991,1.8570829579615528e-18
-7.999999999999994,12.000000000000037,-5.977888672093822e-17
-7.999999999999994,12.000000000000009,1.073762888719916e-17
-7.999999999999994,12.0,2.5880786949227215e-17
-7.999999999999994,11.999999999999996,-2.4909201751977428e-17
-7.999999999999994,12.000000000000016,7.86743622313965e-17
-7.999999999999994,12.000000000000014,-1.0830796536697166e-16
-7.999999999999994,12.000000000000032,1.6826178059163066e-17
-7.999999999999989,11.999999999999998,-3.020276472825931e-17
-7.999999999999988,12.000000000000025,9.855115600080637e-17
-7.999999999999988,12.000000000000018,2.905704806990779e-16
-7.999999999999988,12.000000000000043,2.348052755600179e-16
-7.999999999999988,12.000000000000009,5.008812964053076e-17
-7.999999999999988,12.00000000000003,-2.008912094429946e-16
-7.999999999999988,12.000000000000004,2.1528560399775764e-17
-7.999999999999988,11.999999999999995,-1.275338068252494e-16
-7.999999999999988,11.999999999999993,7.032711076856029e-17
-7.999999999999988,11.999999999999996,-3.7965989185456013e-17
-7.999999999999988,11.999999999999995,1.8319929736362925e-16
-7.999999999999988,12.000000000000002,5.670182752675597e-17
-7.999999999999988,12.00000000000002,-1.4841569668008555e-16
-7.999999999999988,12.00000000000001,-1.887331805185896e-16
-7.999999999999988,12.000000000000018,-2.8403372736993456e-16
-7.999999999999988,12.00000000000003,-8.43094447571478e-17
-7.999999999999982,12.000000000000025,-1.1247655087396345e-16
-7.999999999999982,12.000000000000014,1.879177525743786e-17
-7.999999999999982,12.000000000000016,5.063932659942704e-17
-7.999999999999982,11.999999999999998,3.206184286359273e-17
-7.999999999999982,12.000000000000021,-1.0731825993415058e-16
-7.999999999999976,11.999999999999998,-3.406404996182103e-17
-7.999999999999976,12.00000000000001,1.2561798373923686e-16
-7.999999999999976,12.000000000000007,-1.1151231261130849e-16
-7.999999999999971,12.000000000000023,-8.356405276560823e-17
-7.988224759922221,11.994266921049414,-2.6580542800528992e-17
-7.9842168476255475,11.991947203125946,3.920137738429869e-18
-7.98419269069742,11.991912280194999,-1.2612015344265436e-16
-7.98409070535861,11.99175898341462,-2.484964899072471e-17
-7.972019485520649,11.985813959979009,-1.130618652619994e-16
-7.968837341331919,11.98450537373927,-9.967516437384223e-17
-7.968810161402449,11.98446436867509,-1.4464771045835144e-19
-7.968749515878881,11.984373781931614,-3.7725546546939015e-17
-7.9685802653064455,11.984120016169994,5.791428015797197e-17
-7.968252192125905,11.983618611648282,7.558578591057846e-17
-7.967835127586269,11.983003675210025,8.701566890553157e-17
-7.958290604655667,11.979102031080037,8.170375945937663e-19
-7.95810888319782,11.978832305443705,6.277588584255853e-18
-7.938913675608573,11.970821472396407,6.1588295359704236e-15
-7.938890544615103,11.970776497709075,1.0807984837626147e-15
-7.938447187191167,11.970142500145318,1.7558708657157395e-17
-7.938447187191161,11.970142500145323,1.2190774272616393e-15
-7.937980797682015,11.969463855669348,0.007634036082669047
-7.93797662959381,11.969453592755793,2.035796244027777e-13
-7.937974078776846,11.969447183960838,1.4275196733325216e-13
-7.937973455127193,11.969445775378599,-7.540826157895774e-14
-7.937921129771252,11.96937924537803,4.457021107717894e-14
-7.93766915162448,11.968995844967843,1.4426622078271714e-14
-7.937504373301636,11.96876085671674,-1.295966564336383e-15
-7.937382546118768,11.968574065570845,5.4084187500903836e-15
-7.937375270184525,11.96856024850485,-1.0499697532864135e-17
-7.937011574840904,11.96801706555171,6.226797438427567e-15
-7.936982737665914,11.967944789152666,7.0589781566905444e-15
-7.936515878016129,11.967266338302279,3.3178617708043174e-15
-7.936490266063798,11.967199419194928,4.624829968392556e-15
-7.936275230553875,11.966901871897136,-1.2787100022518283e-15
-7.936024028126415,11.966525181786967,-1.0721744997431773e-15
-7.925497048132214,11.963483030731535,2.8330043887002623e-16
-7.918404669672174,11.959415561455089,-1.0408148454379344e-16
-7.909193363566384,11.957285961698808,-8.124452539970479e-17
-7.907340864841195,11.95473126579061,1.99836479678823e-16
-7.906829791868285,11.954079947482319,-3.9642646096613294e-17
-7.897596511500246,11.947469145506469,3.2888282548922914e-17
-7.890349407662139,11.946802470084794,-1.3968766981604338e-17
-7.868732552947043,11.934513389833647,-3.4264979805964565e-18
-7.755184120139209,11.98893147470569,2.871252504046473e-17
-7.714585038270132,12.01221121597424,4.610617472197481e-17
-7.690983005625055,12.000000000000012,-1.594723922839198e-17
-7.69098300562505,12.000000000000004,7.400371456402365e-18
-7.681259541497127,11.994545353264082,1.2681140456546615e-18
-7.669450888073784,11.989746169040357,4.794564435391992e-18
-7.656047732847863,11.984414287665247,-1.016403841112643e-28
-7.6486160283434,11.989913001900293,-5.255932815451491e-24
-7.519053881784571,12.01104912393174,5.390721811027245e-30
-7.506603937803666,12.004188352813259,1.4396597471984236e-17
-7.500000000000003,12.000000000000025,3.491728051840895e-18
-7.500000000000003,11.999999999999996,1.445028289918354e-17
-7.499999999999997,12.0,-8.1489014979136e-18
-7.499999999999997,12.000000000000007,1.7550105838299563e-18
-7.499999999999997,11.999999999999996,1.1469711083610126e-17
-7.499999999999997,11.999999999999986,2.35666409653467e-17
-7.499999999999992,11.99999999999998,-1.466151272655129e-17
-7.486252780290445,11.993926089753906,1.3670530617847795e-21
-7.485678643743843,11.992818554713587,-5.5703469814114924e-18
-7.485104382957329,11.992913963370816,-7.926142226468297e-18
-7.4850242696300695,11.992798433834913,-2.9342147714011834e-18
-7.484153967564704,11.991979633482313,-3.0045829169823083e-18
-7.474795737423456,11.990017168854948,1.5381487982526457e-19
-7.47163483008984,11.987218667466792,-7.590618338551047e-18
-7.471275261550365,11.986733046389809,2.0946382919991385e-19
-7.47107753000168,11.986454080338012,7.355818049235228e-18
-7.457679053207927,11.979404065483088,1.7163648279261045e-17
-7.453692577842822,11.977046599486838,5.935966935948619e-24
-7.451747628166435,11.977622126751388,2.5074575481382306e-18
-7.40833514647531,11.955160058202138,-4.550824651933629e-18
-7.3652861220057035,11.994983723647822,-6.691936692398086e-18
-7.312558853898973,12.011304405920923,-1.0249947670140126e-19
-7.292893218813464,12.000000000000014,-1.3671652781806726e-18
-7.292893218813464,12.000000000000004,-3.9632722386801515e-18
-7.292893218813458,12.000000000000016,-1.781394256679368e-18
-7.292893218813453,11.999999999999996,-1.0128220545840448e-17
-7.292893218813453,12.000000000000018,-9.678568783896042e-18
-7.292893218813448,12.00000000000001,-4.3120082334537874e-18
-7.278657697848126,11.993374086724,2.7800791799957808e-18
-7.271072459393827,11.989799104877045,5.2661289151105006e-18
-7.265502393937938,11.987838450832378,6.3097924220561275e-18
-7.261625011767857,11.984652580650565,-1.3569959084500654e-26
-7.239931597913526,11.97447923546007,1.4420774891037704e-18
-7.238561867393114,11.972986140409644,-3.755375992825105e-18
-7.200886582858518,12.005654263867434,5.4273064882251535e-18
-7.190983005625057,12.00000000000001,3.1709411376546166e-18
-7.190983005625052,12.000000000000005,-1.1711945776223384e-17
-7.183319666278341,11.996586443828583,1.4421419615610483e-18
-7.17769604511261,11.998967370878297,-1.3729905354068423e-34
-7.170180290453641,11.990438771364365,-2.324956670861378e-18
-7.133974596215566,12.00000000000001,-2.9346514185245584e-18
-7.110695202687951,11.98956775336352,-4.920995817171383e-30
-7.088270194018373,11.995103955405208,7.185579819847545e-19
-7.083278073477161,11.974463936139209,1.6923727771642336e-18
-6.914443082934125,11.991573003246671,-5.493346827715657e-34
-5.203254736898825,14.000000000000012,-1.0208989560697377e-18
-4.866025403784434,13.999999999999993,-8.734043779994506e-20
-4.804569789958232,13.997705538531731,1.860323808014603e-21
-4.7209838133186635,14.006138264168573,-1.486282043708448e-18
-4.5497072294690275,13.999999999999993,1.2603174703683222e-20
-4.500000000000011,14.000000000000014,1.84368595978858e-19
-4.500000000000005,13.999999999999998,1.565938128767414e-19
-4.499999999999999,13.999999999999998,7.048285262040386e-19
-4.499999999999999,14.000000000000004,1.5340328161508109e-18
-4.499999999999999,14.00000000000001,2.715096248594956e-18
-4.499999999999999,14.000000000000027,3.3457591896036175e-18
-4.499999999999999,13.999999999999996,1.227140253775847e-18
-4.499999999999999,14.000000000000002,2.6216831844443894e-18
-4.499999999999994,14.000000000000007,1.2159565905546822e-18
-4.4999999999999885,14.000000000000009,3.316502876939803e-18
-4.298535643444247,13.995152810626202,6.776756334290722e-21
-4.121320343559644,14.057190958417928,-9.117049495996644e-21
-4.062499996390218,14.031249983870575,-3.5834232104240517e-19
-4.030950530285758,14.015181369787854,-3.483828553815286e-19
-4.000000000000018,14.0,1.860052109238614e-17
-4.0000000000000115,14.000000000000007,-3.3278841691412667e-18
-4.0000000000000115,14.000000000000028,-1.382972404502277e-17
-4.0000000000000115,13.999999999999998,2.5982565630622023e-17
-4.0000000000000115,14.000000000000009,-1.0595871695744757e-17
-4.000000000000006,14.000000000000014,1.8440816909910212e-17
-4.000000000000006,14.000000000000025,1.0479275316827371e-18
-4.000000000000006,14.000000000000007,2.8870808648238216e-17
-4.000000000000006,14.000000000000036,8.377811353004677e-17
-4.000000000000006,14.000000000000057,8.608087427200548e-17
-4.000000000000006,14.000000000000014,-3.607434243846689e-17
-4.000000000000006,13.999999999999993,-5.5294045875075384e-17
-4.000000000000006,14.00000000000002,-4.545541911547454e-17
-4.000000000000006,14.0,1.1995020588896795e-17
-4.000000000000006,13.999999999999995,6.046076228893156e-17
-4.000000000000006,13.999999999999979,3.882142236929441e-17
-4.000000000000006,14.00000000000002,-1.71458991025144e-17
-4.000000000000006,14.000000000000005,3.015450920207938e-17
-4.000000000000006,14.000000000000032,-3.148612809238038e-17
-4.000000000000006,14.000000000000027,6.988621242299551e-17
-4.000000000000006,13.999999999999998,3.153941718579637e-18
-4.000000000000006,13.999999999999977,-1.4770209374274917e-17
-4.000000000000006,14.000000000000023,2.4654756638932435e-17
-4.000000000000006,14.000000000000016,-1.1568154605660641e-17
-4.000000000000006,14.000000000000005,-1.321146205906121e-17
-4.000000000000006,14.00000000000006,-4.6160788246776705e-18
-4.000000000000006,14.000000000000007,-5.848228169507776e-17
-4.000000000000001,14.000000000000007,3.141716804763529e-17
-4.000000000000001,14.000000000000025,1.2186251420026027e-17
-4.000000000000001,14.0,5.587534430172997e-18
-4.000000000000001,14.000000000000018,-8.274600187238423e-18
-4.000000000000001,13.999999999999991,6.785265575191993e-18
-4.000000000000001,14.000000000000032,-2.896018794554861e-18
-4.000000000000001,14.000000000000018,-5.4472353844556476e-17
-4.000000000000001,14.00000000000001,-6.202460719716281e-17
-4.000000000000001,13.999999999999988,1.3703404926570278e-17
-4.000000000000001,13.999999999999982,1.1812157233922938e-16
-4.000000000000001,14.000000000000009,-4.141954963869615e-17
-4.000000000000001,14.000000000000004,3.846686217481563e-17
-4.000000000000001,13.99999999999999,-2.0390799682920238e-17
-4.000000000000001,14.000000000000053,7.911145026390573e-18
-4.000000000000001,13.999999999999986,2.6172116284242547e-17
-4.000000000000001,14.000000000000046,2.780536591257356e-17
-4.000000000000001,14.000000000000021,-5.921620839792833e-17
-4.000000000000001,14.000000000000028,3.514841556545546e-17
-4.000000000000001,14.000000000000025,3.6752838633213703e-17
-4.000000000000001,14.000000000000002,5.895645510502863e-17
-4.000000000000001,13.999999999999996,3.7145974050916035e-17
-4.000000000000001,13.999999999999993,-5.064070111859493e-19
-3.9999999999999947,14.000000000000028,5.890802501061583e-17
-3.9999999999999947,14.000000000000023,-3.156068569574575e-17
-3.9999999999999947,14.00000000000001,3.277228785891685e-17
-3.9999999999999947,14.000000000000028,4.774777774332773e-17
-3.9999999999999947,14.00000000000003,6.487857542000448e-17
-3.9999999999999947,14.00000000000002,-7.080906700206499e-18
-3.9999999999999947,14.000000000000004,-5.798711283431602e-17
-3.9999999999999947,14.000000000000018,4.533883434131475e-17
-3.9999999999999947,13.999999999999998,-1.8646630859830966e-17
-3.9999999999999947,13.999999999999996,-1.770893987328429e-18
-3.9999999999999947,14.000000000000007,-4.377301596507306e-17
-3.9999999999999947,13.999999999999996,5.439468189693622e-17
-3.9999999999999947,14.000000000000007,-2.86243367687435e-17
-3.9999999999999947,14.000000000000021,-3.02679107692986e-17
-3.9999999999999947,14.000000000000023,-7.993931387235878e-18
-3.9999999999999947,14.000000000000036,-2.329356223443981e-17
-3.9999999999999947,14.000000000000046,1.4522327107568194e-17
-3.9999999999999947,13.999999999999998,3.199001276090995e-17
-3.9999999999999947,13.99999999999999,-7.265813312948613e-17
-3.9999999999999947,14.000000000000005,8.641564836723408e-18
-3.9999999999999947,14.000000000000007,-7.367064683006471e-17
-3.9999999999999947,14.000000000000002,-3.951814930256121e-18
-3.9999999999999893,13.999999999999993,-2.0234418847079544e-17
-3.9999999999999893,14.000000000000023,2.600774526744343e-17
-3.9999999999999893,14.000000000000004,-9.829068704342924e-18
-3.9999999999999893,13.999999999999993,-3.989937309181174e-17
-3.9999999999999893,14.000000000000007,6.006109718578498e-17
-3.9999999999999893,14.000000000000057,-1.0233488693817834e-17
-3.9999999999999893,13.999999999999993,-2.5405606508703444e-17
-3.9999999999999893,14.000000000000025,-4.3076413178883225e-17
-3.9999999999999893,14.00000000000002,5.8254040257395986e-18
-3.9999999999999893,14.000000000000005,9.02511592631214e-17
-3.9999999999999893,14.000000000000032,2.829795257414974e-17
-3.9999999999999893,14.000000000000021,4.501159733101633e-17
-3.9999999999999893,14.000000000000039,-3.757047757354961e-17
-3.9999999999999893,14.000000000000009,1.0152059756842885e-17
-3.9999999999999893,14.000000000000002,1.0976104724893358e-16
-3.9999999999999893,14.000000000000014,-9.856957390128963e-17
-3.9999999999999893,14.00000000000001,-1.3156832693149216e-17
-3.999999999999984,14.000000000000004,-4.8531531021981955e-18
-3.999999999999984,14.000000000000009,-4.0331148223305655e-17
-3.999999999999984,13.999999999999996,4.7844623557908595e-17
-3.999999999999984,14.000000000000025,-2.1689098846406515e-17
-3.9690307667627582,13.984792136471127,1.8147433264079992e-19
-3.9688711258507325,13.984555753427344,-3.3752046697146514e-29
-3.968789907566073,13.984434073178882,3.573366833441495e-23
-3.968789907472182,13.984434072754985,-3.2462437754240376e-20
-3.9687501576798088,13.984375392929172,-4.387399029244891e-20
-3.938133093764745,13.969682233728097,-1.6855335475885025e-19
-3.9379721951352185,13.969442635087285,-5.484070773639948e-26
-3.9375000036097845,13.968750016129437,1.6010907036325257e-19
-3.937193735428381,13.968309578428622,-5.0161897960415054e-45
-3.9356949381335307,13.966029796737864,1.946796978875177e-43
-3.9069099118029555,13.954122037579802,-1.3187714065849901e-20
-3.876851685675187,13.940181134300648,3.435592182775898e-24
-3.87502422141392,13.93756164815495,-2.493245748999412e-19
-3.6787914799389965,13.993451474610731,2.579183035319217e-22
-3.5000000000000098,14.00000000000002,-3.257821275919737e-19
-3.5000000000000044,14.000000000000009,-2.799653638539148e-18
-3.5000000000000044,13.999999999999998,-5.604551619290163e-19
-3.5000000000000044,14.0,-1.1889968788602157e-18
-3.4999999999999982,13.999999999999996,4.071622635426458e-18
-3.4999999999999982,14.000000000000004,1.1939176422230387e-18
-3.4999999999999982,14.000000000000018,2.1823183446393076e-18
-3.4999999999999982,14.000000000000007,1.5374274912521847e-20
-3.4999999999999982,14.00000000000001,1.650115232279041e-18
-3.499999999999993,14.000000000000021,3.8968342342506306e-19
-3.450292770530967,13.999999999999993,-2.874155049955278e-20
-3.310565425369264,14.00992956478521,-2.173720191569565e-18
-3.1867721849228188,13.997944267833837,1.859278124640134e-26
-3.1339745962155545,13.999999999999991,1.0381718850978448e-19
-2.7967452631011662,14.000000000000002,1.0426683196180599e-19
-1.0000000000000009,16.000000000000004,6.810728918903937e-20
-0.9226515907968587,15.999341258694145,-7.700011983396852e-20
-0.8660254037844358,16.000000000000004,1.4712373446679889e-19
-0.8090169943749557,16.0,-3.220662412883154e-20
-0.8090169943749501,16.000000000000018,3.3170582664851634e-19
-0.8090169943749501,16.000000000000007,-9.392510680345566e-20
-0.7991134171414828,15.994345736132576,1.831321165185695e-27
-0.7071067811865522,16.000000000000007,-2.8751119891237015e-19
-0.7071067811865467,15.999999999999991,-5.002768946146719e-20
-0.7071067811865467,16.000000000000004,9.806409975163903e-19
-0.7029884133445424,15.997831232612885,2.3142044000047232e-21
-0.5000000000000001,16.000000000000004,0.0
-0.5000000000000001,16.000000000000004,0.0
-0.49999999999999833,15.999999999999996,-4.5887603093097656e-20
-0.49999999999999833,16.00000000000001,6.291463860140631e-20
-0.4999999999999927,15.999999999999982,-7.274332559201584e-21
-0.48357669636612743,15.991353548937639,2.5829087588611985e-31
-0.37583146784812294,15.99648552404427,-4.544105685453412e-20
-0.30901699437494723,16.000000000000014,-4.734069288135083e-20
-0.30901699437494723,16.00000000000001,8.803239630767676e-20
-0.3090169943749417,16.0,1.945801203213973e-20
-0.2854149617298646,15.987788784025767,-1.5257349477934283e-27
-1.2051049595388012e-14,16.000000000000007,2.0727712153658248e-17
-1.2051049595388012e-14,16.00000000000001,7.276935600307478e-18
-1.2051049595388012e-14,16.000000000000007,7.938318559700061e-18
-1.2051049595388012e-14,15.999999999999979,-1.1139347495539252e-18
-6.471580600801064e-15,16.000000000000036,-4.0954623040858566e-18
-6.471580600801064e-15,16.00000000000004,-4.909905630553473e-17
-6.471580600801064e-15,16.00000000000002,5.2873065264654526e-17
-6.471580600801064e-15,16.000000000000036,1.6827021840505248e-16
-6.471580600801064e-15,16.0,-6.739235414700821e-17
-6.471580600801064e-15,15.99999999999997,-2.4909445603268314e-17
-6.471580600801064e-15,16.0,-6.2843685313916e-17
-6.471580600801064e-15,16.000000000000036,7.703875239582824e-17
-6.471580600801064e-15,15.99999999999999,1.1116707658106882e-16
-6.471580600801064e-15,16.00000000000004,4.9878082236485874e-17
-6.471580600801064e-15,16.0,-1.5186616884820778e-17
-6.471580600801064e-15,16.00000000000004,-2.8020699151104614e-20
-6.471580600801064e-15,16.0,4.7558262246092084e-17
-6.471580600801064e-15,16.000000000000025,1.1344481249482214e-16
-6.471580600801064e-15,16.00000000000002,-9.131863136810986e-18
-6.471580600801064e-15,15.999999999999986,-2.811406601968614e-17
-6.471580600801064e-15,15.999999999999991,4.1586287851082174e-17
-8.921116062141172e-16,16.000000000000032,-1.732747189800374e-17
-8.921116062141172e-16,16.000000000000014,4.525840243041993e-17
-8.921116062141172e-16,16.00000000000002,2.0370686537549117e-17
-8.921116062141172e-16,16.000000000000007,1.4733597815740774e-18
-8.921116062141172e-16,16.00000000000002,-4.2766331641959017e-17
-8.921116062141172e-16,16.000000000000036,-3.842810458286652e-17
-8.921116062141172e-16,16.000000000000004,-1.2022057072724722e-16
-8.921116062141172e-16,16.00000000000004,-5.085873161026057e-17
-8.921116062141172e-16,16.000000000000007,-1.071432690902565e-17
-8.921116062141172e-16,16.00000000000005,-1.7644468383469966e-17
-8.921116062141172e-16,16.000000000000036,-4.1181362292284135e-17
-8.921116062141172e-16,16.00000000000002,9.978288379973916e-18
-8.921116062141172e-16,16.000000000000032,-2.4558376722493288e-17
-8.921116062141172e-16,16.00000000000003,-3.643738675626697e-18
-8.921116062141172e-16,16.000000000000025,6.850762076158324e-20
-8.921116062141172e-16,16.000000000000053,8.145456946936762e-17
-8.921116062141172e-16,16.00000000000003,-1.6453545584703938e-16
-8.921116062141172e-16,16.00000000000001,-1.7314165280663222e-17
-8.921116062141172e-16,15.999999999999998,-3.0387568278783047e-17
-8.921116062141172e-16,15.999999999999993,6.528186072862226e-17
-8.921116062141172e-16,16.000000000000036,2.5768427711089494e-17
-8.921116062141172e-16,15.999999999999988,1.0153870327257768e-16
-8.921116062141172e-16,16.000000000000014,2.832306064684455e-17
0.0,16.0,0.0
0.0,16.0,0.0
0.0,16.0,0.0
0.0,16.0,0.0
0.0,16.0,0.0
0.0,16.0,0.0
4.6873573883728294e-15,16.00000000000003,-1.906411192129572e-17
4.6873573883728294e-15,15.999999999999995,4.743614370305108e-17
4.6873573883728294e-15,16.00000000000002,-1.6500948721080792e-17
4.6873573883728294e-15,16.0,-2.947161520908561e-17
4.6873573883728294e-15,15.999999999999964,1.4569317379191735e-17
4.6873573883728294e-15,15.999999999999979,-4.396407053076455e-17
4.6873573883728294e-15,16.000000000000007,-9.16240153684085e-17
4.6873573883728294e-15,16.000000000000007,-1.0076280858479353e-16
4.6873573883728294e-15,15.999999999999993,1.0066487352259011e-17
4.6873573883728294e-15,16.000000000000004,-4.5725441374093115e-17
4.6873573883728294e-15,16.000000000000007,1.3649254021485136e-16
4.6873573883728294e-15,16.000000000000007,7.313185786602255e-17
4.6873573883728294e-15,16.00000000000001,-1.5798312344974122e-18
4.6873573883728294e-15,16.000000000000043,-3.652499755139392e-17
4.6873573883728294e-15,16.000000000000007,3.269029895324669e-17
4.6873573883728294e-15,15.999999999999998,1.181745160094524e-17
4.6873573883728294e-15,16.000000000000036,-3.327291025210261e-17
4.6873573883728294e-15,15.99999999999999,-2.5117863933348754e-17
4.6873573883728294e-15,15.999999999999995,-1.9405861563019884e-17
4.6873573883728294e-15,16.00000000000003,2.1141547423942384e-17
1.0266826382959776e-14,16.000000000000014,-8.496024582808239e-18
1.0266826382959776e-14,16.00000000000001,1.5857315544409064e-17
1.0266826382959776e-14,16.000000000000007,-3.586450564585508e-18
1.0266826382959776e-14,16.000000000000007,-6.420460079102074e-17
1.0266826382959776e-14,16.00000000000003,6.716714382571846e-17
1.5846295377546723e-14,16.0,-3.3501920145264985e-16
2.142576437213367e-14,16.00000000000002,-1.7433315897553808e-16
0.007798244614507368,15.996115083560891,-1.7530471887149604e-21
0.031128874149278146,15.984555753427331,4.338992953680347e-19
0.031209660225025262,15.984435162195357,-6.096427999208316e-30
0.062499768973693526,15.968750801258357,1.2209619691208901e-18
0.12132034355964257,15.942809041582061,7.181892356932369e-21
0.30901699437494545,16.000000000000014,-7.182030371167667e-20
0.309016994374951,15.999999999999998,3.5658625476864594e-20
0.309016994374951,16.00000000000001,7.091206708181327e-21
0.3303961312598743,15.989964500470979,8.035874260912763e-29
0.389158092251191,15.996861342815366,2.288151683718742e-20
0.4999999999999962,15.99999999999999,6.967880691935851e-21
0.4999999999999962,15.999999999999996,-5.286634031579226e-20
0.49999999999999994,15.999999999999996,0.0
0.49999999999999994,15.999999999999996,0.0
0.5000000000000019,16.000000000000007,4.812696552577044e-20
0.5149496580105762,15.992836099418216,9.631445050478364e-34
0.7071067811865451,16.000000000000014,2.856611084331478e-20
0.7071067811865507,16.0,2.0818109566267927e-19
0.7071067811865562,16.000000000000007,-1.0761551614554012e-19
0.7108151683419176,15.998241185182557,2.074919802569218e-19
0.8090169943749483,16.0,-4.4694350600745684e-20
0.8090169943749483,16.000000000000014,3.0992296791384354e-20
0.809016994374954,15.999999999999993,-6.88436699673502e-21
0.8166322440016753,15.996650995500154,9.668330364852422e-32
0.8660254037844397,16.000000000000007,6.226364021122378e-20
0.9249499667819049,15.99949937308991,-2.591815232012708e-20
0.9999999999999937,15.999999999999996,-3.514892509301741e-20
3.999999999999999,18.000000000000007,6.334442286377983e-19
3.999999999999999,18.000000000000007,-6.227712422369597e-19
4.0,18.0,0.0
4.0,18.0,0.0
4.0,18.0,0.0
4.0,18.0,0.0
4.000000000000004,18.000000000000014,-5.887972540403301e-19
4.000000000000004,18.0,2.3361491112324597e-19
